{
 "artifact": "recentered_reference_repair",
 "provenance": {
  "type": "exploratory_post_freeze_repair",
  "method": "offline re-thresholding of frozen per-draw median_z_m2 against empirical null (delta=0.0005 cell), one-sided positive, split-sample size",
  "seed": 43,
  "source_injection_runs": "data/injection_runs/",
  "note": "NOT preregistered; confirmatory rerun required for deployment certificate"
 },
 "cells": {
  "W60_q2": {
   "null_center": -0.007299314602430151,
   "null_sd": 0.009486406800325073,
   "oos_size": 0.12,
   "cmde_orig_d90": 0.15,
   "cmde_recentered_d90": 0.02,
   "cmde_recentered_d50": 0.01,
   "recentered_pdet": {
    "0.0005": 0.085,
    "0.001": 0.165,
    "0.002": 0.125,
    "0.005": 0.22,
    "0.01": 0.515,
    "0.02": 0.97,
    "0.05": 1.0,
    "0.1": 1.0,
    "0.15": 1.0
   },
   "orig_pdet": {
    "0.0005": 0.0,
    "0.001": 0.0,
    "0.002": 0.0,
    "0.005": 0.0,
    "0.01": 0.0,
    "0.02": 0.0,
    "0.05": 0.0,
    "0.1": 0.0,
    "0.15": 1.0
   }
  },
  "W60_q5": {
   "null_center": -0.1056007053090134,
   "null_sd": 0.010288266288290491,
   "oos_size": 0.01,
   "cmde_orig_d90": null,
   "cmde_recentered_d90": 0.1,
   "cmde_recentered_d50": 0.05,
   "recentered_pdet": {
    "0.0005": 0.03,
    "0.001": 0.01,
    "0.002": 0.03,
    "0.005": 0.03,
    "0.01": 0.08,
    "0.02": 0.135,
    "0.05": 0.7,
    "0.1": 1.0,
    "0.15": 1.0
   },
   "orig_pdet": {
    "0.0005": 0.0,
    "0.001": 0.0,
    "0.002": 0.0,
    "0.005": 0.0,
    "0.01": 0.0,
    "0.02": 0.0,
    "0.05": 0.0,
    "0.1": 0.0,
    "0.15": 0.0
   }
  },
  "W120_q2": {
   "null_center": -0.004886325945105274,
   "null_sd": 0.010302944723275254,
   "oos_size": 0.02,
   "cmde_orig_d90": 0.15,
   "cmde_recentered_d90": 0.02,
   "cmde_recentered_d50": 0.02,
   "recentered_pdet": {
    "0.0005": 0.035,
    "0.001": 0.03,
    "0.002": 0.05,
    "0.005": 0.105,
    "0.01": 0.34,
    "0.02": 0.91,
    "0.05": 1.0,
    "0.1": 1.0,
    "0.15": 1.0
   },
   "orig_pdet": {
    "0.0005": 0.0,
    "0.001": 0.0,
    "0.002": 0.0,
    "0.005": 0.0,
    "0.01": 0.0,
    "0.02": 0.0,
    "0.05": 0.0,
    "0.1": 0.0,
    "0.15": 1.0
   }
  },
  "W120_q5": {
   "null_center": -0.10605292490833569,
   "null_sd": 0.00867770020206263,
   "oos_size": 0.07,
   "cmde_orig_d90": 0.3,
   "cmde_recentered_d90": 0.1,
   "cmde_recentered_d50": 0.05,
   "recentered_pdet": {
    "0.0005": 0.06,
    "0.001": 0.06,
    "0.002": 0.065,
    "0.005": 0.085,
    "0.01": 0.155,
    "0.02": 0.36,
    "0.05": 0.885,
    "0.1": 1.0,
    "0.15": 1.0,
    "0.2": 1.0,
    "0.3": 1.0
   },
   "orig_pdet": {
    "0.0005": 0.0,
    "0.001": 0.0,
    "0.002": 0.0,
    "0.005": 0.0,
    "0.01": 0.0,
    "0.02": 0.0,
    "0.05": 0.0,
    "0.1": 0.0,
    "0.15": 0.0,
    "0.2": 0.0,
    "0.3": 1.0
   }
  },
  "W240_q2": {
   "null_center": -0.0055663525564148995,
   "null_sd": 0.008572097274754841,
   "oos_size": 0.08,
   "cmde_orig_d90": 0.15,
   "cmde_recentered_d90": 0.02,
   "cmde_recentered_d50": 0.01,
   "recentered_pdet": {
    "0.0005": 0.065,
    "0.001": 0.07,
    "0.002": 0.115,
    "0.005": 0.235,
    "0.01": 0.51,
    "0.02": 0.95,
    "0.05": 1.0,
    "0.1": 1.0,
    "0.15": 1.0
   },
   "orig_pdet": {
    "0.0005": 0.0,
    "0.001": 0.0,
    "0.002": 0.0,
    "0.005": 0.0,
    "0.01": 0.0,
    "0.02": 0.0,
    "0.05": 0.0,
    "0.1": 0.0,
    "0.15": 1.0
   }
  },
  "W240_q5": {
   "null_center": -0.10522016345747538,
   "null_sd": 0.009190502714695717,
   "oos_size": 0.06,
   "cmde_orig_d90": null,
   "cmde_recentered_d90": 0.1,
   "cmde_recentered_d50": 0.05,
   "recentered_pdet": {
    "0.0005": 0.055,
    "0.001": 0.06,
    "0.002": 0.075,
    "0.005": 0.135,
    "0.01": 0.14,
    "0.02": 0.31,
    "0.05": 0.875,
    "0.1": 1.0,
    "0.15": 1.0
   },
   "orig_pdet": {
    "0.0005": 0.0,
    "0.001": 0.0,
    "0.002": 0.0,
    "0.005": 0.0,
    "0.01": 0.0,
    "0.02": 0.0,
    "0.05": 0.0,
    "0.1": 0.0,
    "0.15": 0.0
   }
  }
 }
}